City_ID,City,Lat,Lng,Max Temp,Humidity,Cloudiness,Wind Speed,Country,Date
0,stanley,54.868,-1.6985,0.29000000000002046,86,20,4.12,GB,1701228457
1,voi,-3.3945,38.563,22.260000000000048,89,50,1.09,KE,1701228463
2,edinburgh of the seven seas,-37.0676,-12.3116,14.510000000000048,82,93,8.7,SH,1701228468
3,kone,-21.0595,164.8658,29.24000000000001,53,100,2.18,NC,1701228358
4,kapuskasing,49.4169,-82.4331,-16.94999999999999,85,20,2.06,CA,1701228244
5,port-aux-francais,-49.35,70.2167,5.25,97,100,10.49,TF,1701228469
6,bredasdorp,-34.5322,20.0403,16.32000000000005,64,97,1.69,ZA,1701228471
7,paris,48.8534,2.3488,4.5,93,0,1.54,FR,1701228472
8,lihue,21.9789,-159.3672,23.77000000000004,81,40,2.06,US,1701228338
9,shingu,33.7333,135.9833,15.28000000000003,46,71,4.0,JP,1701228475
10,illizi,26.4833,8.4667,10.890000000000043,24,99,1.11,DZ,1701228098
11,lewistown,40.5992,-77.5714,-3.2299999999999613,80,0,5.14,US,1701228475
12,bilibino,68.0546,166.4372,-34.04999999999998,100,97,0.4,RU,1701228475
13,puerto colombia,10.9878,-74.9547,28.05000000000001,81,10,10.39,CO,1701228475
14,cabo san lucas,22.8909,-109.9124,25.420000000000016,81,5,3.94,MX,1701228475
15,saipan,15.1355,145.701,30.390000000000043,70,40,9.26,MP,1701228151
16,lebu,-37.6167,-73.65,10.430000000000007,80,0,5.82,CL,1701228476
17,adamstown,-25.066,-130.1015,22.870000000000005,88,2,6.79,PN,1701228476
18,jamestown,42.097,-79.2353,-1.2299999999999613,97,100,5.66,US,1701228315
19,fort bragg,35.139,-79.006,3.230000000000018,55,0,3.09,US,1701228478
20,udachny,66.4167,112.4,-15.859999999999957,84,100,10.01,RU,1701228201
21,kegen,43.0197,79.2203,-0.6299999999999955,59,37,3.06,KZ,1701228478
22,hawaiian paradise park,19.5933,-154.9731,25.730000000000018,89,100,3.09,US,1701228478
23,papatowai,-46.5619,169.4708,12.460000000000036,52,51,6.2,NZ,1701228478
24,parauapebas,-6.0675,-49.9022,25.03000000000003,62,16,0.49,BR,1701228320
25,puerto natales,-51.7236,-72.4875,5.3700000000000045,87,100,4.85,CL,1701228481
26,pathein,16.7833,94.7333,26.260000000000048,62,17,5.09,MM,1701228481
27,callao,-12.0667,-77.15,21.510000000000048,77,75,6.69,PE,1701228484
28,punta del este,-34.9667,-54.95,22.060000000000002,85,75,6.17,UY,1701228486
29,iqaluit,63.7506,-68.5145,-0.14999999999997726,86,100,4.63,CA,1701228487
30,mount isa,-20.7333,139.5,36.870000000000005,26,40,4.63,AU,1701228176
31,alzamay,55.5562,98.6644,-17.96999999999997,89,24,1.37,RU,1701228487
32,blackmans bay,-43.0167,147.3167,17.510000000000048,61,88,1.34,AU,1701228487
33,sisimiut,66.9395,-53.6735,-4.96999999999997,65,100,6.61,GL,1701228487
34,punta arenas,-53.15,-70.9167,9.060000000000002,57,75,5.66,CL,1701228491
35,yellowknife,62.456,-114.3525,-9.769999999999982,92,100,1.79,CA,1701228493
36,chadron,42.8294,-102.9999,-0.07999999999998408,65,0,5.66,US,1701228493
37,walvis bay,-22.9575,14.5053,16.720000000000027,90,34,2.62,NA,1701227932
38,port elizabeth,-33.918,25.5701,16.160000000000025,90,40,10.29,ZA,1701228493
39,tromso,69.6496,18.957,-5.989999999999952,79,31,2.06,NO,1701228494
40,pons,45.5799,-0.5478,2.990000000000009,93,9,1.54,FR,1701228497
41,ulladulla,-35.35,150.4667,20.870000000000005,90,99,7.85,AU,1701228205
42,grytviken,-54.2811,-36.5092,1.2700000000000387,83,92,2.9,GS,1701228499
43,tura,25.5198,90.2201,23.650000000000034,56,14,0.45,IN,1701228082
44,hermanus,-34.4187,19.2345,15.980000000000018,71,70,2.42,ZA,1701228501
45,remire-montjoly,4.9167,-52.2667,26.02000000000004,89,20,1.54,GF,1701228503
46,dolinsk,47.35,142.8,-2.92999999999995,85,100,9.12,RU,1701228508
47,lazaro cardenas,17.9583,-102.2,26.02000000000004,83,100,2.19,MX,1701228512
48,weno,7.4515,151.8468,29.970000000000027,74,100,4.63,FM,1701228516
49,ushuaia,-54.8,-68.3,6.810000000000002,49,0,2.57,AR,1701228517
50,christchurch,-43.5333,172.6333,16.620000000000005,51,100,1.79,NZ,1701228318
51,dunlap,41.6378,-85.9217,-6.8799999999999955,79,20,3.09,US,1701228382
52,ilulissat,69.2167,-51.1,-4.989999999999952,50,40,7.2,GL,1701228519
53,albany,42.6001,-73.9662,-2.1299999999999955,76,67,0.89,US,1701228488
54,uusikaupunki,60.8004,21.4084,-3.25,92,77,6.66,FI,1701228522
55,st. john's,47.5649,-52.7093,4.430000000000007,93,75,8.23,CA,1701228523
56,ciudad lazaro cardenas,17.9583,-102.2,26.02000000000004,83,100,2.19,MX,1701228524
57,whitehorse,60.7161,-135.0538,-10.569999999999993,85,0,1.03,CA,1701228427
58,tazovsky,67.4667,78.7,-17.20999999999998,96,100,3.88,RU,1701228527
59,hadibu,12.65,54.0333,25.450000000000045,84,97,5.59,YE,1701228530
60,bethel,41.3712,-73.414,-0.2799999999999727,57,0,4.63,US,1701228531
61,xai-xai,-25.0519,33.6442,24.32000000000005,65,100,5.1,MZ,1701228531
62,flen,59.0583,16.5878,-5.949999999999989,95,100,1.75,SE,1701228531
63,malanje,-9.5402,16.341,17.25,99,100,1.08,AO,1701228066
64,olonkinbyen,70.9221,-8.7187,1.5300000000000296,83,97,2.86,SJ,1701228531
65,mungwi,-10.1732,31.3694,18.28000000000003,87,100,0.87,ZM,1701228532
66,namibe,-15.1961,12.1522,23.129999999999995,81,91,0.6,AO,1701228532
67,ribeira grande,38.5167,-28.7,17.650000000000034,92,100,1.79,PT,1701228532
68,tiksi,71.6872,128.8694,-16.75,88,100,7.28,RU,1701228532
69,tazacorte,28.629,-17.9293,18.54000000000002,68,0,3.09,ES,1701228533
70,atafu village,-8.5421,-172.5159,28.03000000000003,72,100,2.81,TK,1701228533
71,kuacjok,8.3002,27.9903,28.170000000000016,27,100,2.41,SS,1701228533
72,umba,66.6871,34.3429,-4.949999999999989,81,79,9.26,RU,1701228533
73,port lincoln,-34.7333,135.8667,18.120000000000005,73,94,6.45,AU,1701228275
74,wailua homesteads,22.0669,-159.378,23.439999999999998,86,40,2.68,US,1701228026
75,thompson,55.7435,-97.8558,-12.909999999999968,85,100,1.54,CA,1701228534
76,rio grande,-32.035,-52.0986,21.08000000000004,84,9,8.64,BR,1701228534
77,georgetown,5.4112,100.3354,30.960000000000036,66,20,5.66,MY,1701228153
78,camana,-16.6228,-72.7111,19.610000000000014,84,96,2.99,PE,1701228294
79,margaret river,-33.95,115.0667,21.590000000000032,63,10,5.72,AU,1701228534
80,chonchi,-42.6128,-73.8092,10.560000000000002,93,100,3.14,CL,1701228299
81,khlevnoye,52.1951,39.0932,-2.9899999999999523,90,75,4.24,RU,1701228535
82,gapan,15.2833,120.9833,30.75,67,98,2.59,PH,1701228535
83,lang son,21.8333,106.7333,24.310000000000002,58,7,1.82,VN,1701228535
84,guerrero negro,27.9769,-114.0611,18.689999999999998,67,99,4.26,MX,1701228249
85,catalca,41.1432,28.4615,16.510000000000048,83,99,13.42,TR,1701228535
86,thal,35.4791,72.2439,5.550000000000011,62,100,2.3,PK,1701228536
87,holualoa,19.6228,-155.9522,24.910000000000025,81,40,3.6,US,1701228100
88,murghob,38.1702,73.9667,-7.259999999999991,63,100,1.46,TJ,1701228536
89,yarmouth,41.7057,-70.2286,1.0900000000000318,54,0,14.75,US,1701228437
90,mabaruma,8.2,-59.7833,23.090000000000032,93,0,1.26,GY,1701228261
91,villa zaragoza,22.0333,-100.7333,12.04000000000002,91,100,2.54,MX,1701228536
92,avarua,-21.2078,-159.775,25.03000000000003,78,75,7.72,CK,1701228537
93,arusha,-3.3667,36.6833,18.02000000000004,89,99,1.21,TZ,1701228538
94,lupane,-18.9315,27.807,23.600000000000023,42,78,1.22,ZW,1701228538
95,pingliang,35.5392,106.6861,0.05000000000001137,47,100,2.52,CN,1701228539
96,alice springs,-23.7,133.8833,29.75,28,75,5.66,AU,1701228540
97,aleg,17.0481,-13.9209,23.370000000000005,15,2,4.27,MR,1701228540
98,el hadjira,32.6134,5.5126,18.05000000000001,31,100,2.04,DZ,1701228540
99,nuku'alofa,-21.1333,-175.2,29.189999999999998,89,20,5.14,TO,1701228540
100,pionerskiy,54.9508,20.2275,-3.25,67,100,6.21,RU,1701228541
101,waitangi,-43.9535,-176.5597,14.340000000000032,73,100,1.79,NZ,1701228541
102,utrik,11.2278,169.8474,27.74000000000001,75,77,8.57,MH,1701228541
103,rio gallegos,-51.6226,-69.2181,11.03000000000003,46,0,7.2,AR,1701228541
104,kodiak,57.79,-152.4072,2.730000000000018,87,100,1.54,US,1701228541
105,fale old settlement,-9.3852,-171.2468,28.370000000000005,71,100,2.55,TK,1701228542
106,isafjordur,66.0755,-23.124,1.420000000000016,98,100,4.49,IS,1701228047
107,zawoja,49.644,19.5423,-7.069999999999993,100,100,1.56,PL,1701228546
108,mau,25.95,83.55,21.350000000000023,57,0,2.04,IN,1701228550
109,hithadhoo,-0.6,73.0833,28.200000000000045,74,100,4.21,MV,1701228010
110,badger,64.8,-147.5333,-4.0499999999999545,87,100,4.63,US,1701228551
111,bandarbeyla,9.4942,50.8122,25.439999999999998,69,97,9.79,SO,1701228551
112,gewane,10.1664,40.6453,23.99000000000001,45,66,1.82,ET,1701228551
113,constantia,44.1833,28.65,6.5,77,98,10.7,RO,1701228314
114,sao joao da barra,-21.6403,-41.0511,23.720000000000027,92,97,4.25,BR,1701228551
115,isiro,2.7739,27.616,19.640000000000043,98,100,1.25,CD,1701228552
116,west island,-12.1568,96.8225,28.99000000000001,58,37,4.63,CC,1701228553
117,namdrik,5.5994,168.1028,27.5,81,100,8.29,MH,1701228555
118,soja,34.6667,133.75,14.350000000000023,62,75,5.14,JP,1701228556
119,kolonia town,6.964,158.206,25.060000000000002,94,100,2.06,FM,1701228557
120,balsas,-7.5325,-46.0356,26.400000000000034,51,41,1.12,BR,1701228559
121,funadhoo,6.15,73.2667,28.230000000000018,76,100,6.46,MV,1701228559
122,san cristobal cucho,14.9,-91.7833,13.120000000000005,94,91,3.47,GT,1701228560
123,talnakh,69.4865,88.3972,-23.99999999999997,98,33,1.93,RU,1701228560
124,aasiaat,68.7098,-52.8699,-9.379999999999995,68,97,8.63,GL,1701228560
125,shimanovsk,52.0,127.7,-15.859999999999957,57,19,2.58,RU,1701228561
126,puerto ayora,-0.7393,-90.3518,24.75,90,74,4.47,EC,1701228314
127,palestina,31.9216,35.2033,9.970000000000027,74,84,1.33,PS,1701228562
128,karratha,-20.7377,116.8463,31.200000000000045,33,0,5.73,AU,1701228562
129,roma,43.2128,-75.4557,-2.7999999999999545,86,100,7.72,US,1701228563
130,kalevala,65.2,31.1667,-3.839999999999975,88,100,8.94,RU,1701228564
131,aykhal,66.0,111.5,-15.539999999999964,94,100,7.27,RU,1701228566
132,ancud,-41.8697,-73.8203,10.930000000000007,91,91,7.05,CL,1701228568
133,longyearbyen,78.2186,15.6401,0.910000000000025,80,40,2.06,SJ,1701228307
134,la'ie,21.6477,-157.9253,27.980000000000018,81,28,4.21,US,1701228316
135,kavaratti,10.5669,72.642,28.54000000000002,73,93,3.77,IN,1701228570
136,haiku-pauwela,20.9219,-156.3051,25.02000000000004,80,40,4.12,US,1701228570
137,kermanshah,34.3142,47.065,1.5,93,40,3.09,IR,1701228570
138,santa fe,-31.6333,-60.7,26.660000000000025,82,0,0.89,AR,1701228573
139,nemuro,43.3236,145.575,1.4600000000000364,54,30,13.24,JP,1701228574
140,gamboula,4.1178,15.1393,20.810000000000002,96,100,1.17,CF,1701228577
141,mejit,10.2753,170.8646,27.510000000000048,74,31,7.91,MH,1701228578
142,katiola,8.1333,-5.1,23.480000000000018,88,95,1.29,CI,1701228578
143,sinjai,-5.1241,120.253,30.24000000000001,62,87,1.75,ID,1701228580
144,kasongo-lunda,-6.4667,16.8167,20.5,99,100,0.7,CD,1701228580
145,uturoa,-16.7333,-151.4333,26.680000000000007,80,76,9.45,PF,1701228205
146,berriane,32.8265,3.7669,15.450000000000045,35,100,3.39,DZ,1701228581
147,la ronge,55.1001,-105.2842,0.1400000000000432,64,0,4.63,CA,1701228581
148,campoverde,-8.4753,-74.8058,25.83000000000004,88,98,0.69,PE,1701228581
149,mont-dore,-22.2833,166.5833,31.99000000000001,65,95,3.36,NC,1701228581
150,aktau,43.65,51.2,0.32000000000005,71,4,5.42,KZ,1701228581
151,saint george,37.1041,-113.5841,11.340000000000032,37,0,0.45,US,1701228382
152,barra de santo antonio,-9.4047,-35.5072,23.600000000000023,74,6,2.37,BR,1701228555
153,makokou,0.5738,12.8642,21.05000000000001,98,100,1.0,GA,1701228582
154,saldanha,-33.0117,17.9442,12.03000000000003,79,0,5.89,ZA,1701228582
155,rongelap,11.1635,166.8941,27.79000000000002,76,74,9.75,MH,1701228582
156,norcasia,5.5778,-74.8852,22.189999999999998,88,100,1.49,CO,1701228582
157,vorgashor,67.5833,63.95,-10.819999999999993,91,100,2.6,RU,1701228582
158,susuman,62.7833,148.1667,-25.799999999999983,100,100,1.13,RU,1701228582
159,usinsk,65.9939,57.5281,-10.519999999999982,89,87,5.36,RU,1701228583
160,inongo,-1.95,18.2667,21.640000000000043,97,100,2.01,CD,1701228583
161,isangel,-19.55,169.2667,28.060000000000002,65,100,2.57,VU,1701228584
162,enewetak,11.3474,162.3373,27.74000000000001,77,100,9.44,MH,1701228249
163,letlhakane,-21.4167,25.5833,23.090000000000032,26,1,2.75,BW,1701228585
164,hsinchu,24.8036,120.9686,25.99000000000001,55,53,1.34,TW,1701228359
165,qarazhal,48.0078,70.7903,4.3799999999999955,58,99,4.97,KZ,1701228585
166,acarau,-2.8856,-40.12,26.370000000000005,80,73,5.86,BR,1701228585
167,nar'yan-mar,67.6713,53.087,-17.159999999999968,95,51,4.92,RU,1701228585
168,papao,-17.75,-149.55,27.82000000000005,83,89,11.09,PF,1701228585
169,iskateley,67.6803,53.1512,-17.20999999999998,95,57,4.92,RU,1701228586
170,moussoro,13.6408,16.4901,24.810000000000002,22,3,4.61,TD,1701228586
171,mount pearl,47.5166,-52.7813,3.9700000000000273,93,75,8.23,CA,1701228167
172,port macquarie,-31.4333,152.9167,24.32000000000005,78,47,9.24,AU,1701228367
173,afaahiti,-17.75,-149.2833,26.930000000000007,83,98,9.89,PF,1701228586
174,aguas vermelhas,-15.7472,-41.46,17.83000000000004,93,6,1.5,BR,1701228588
175,toamasina,-18.1667,49.3833,22.0,94,20,1.54,MG,1701228589
176,invercargill,-46.4,168.35,11.120000000000005,70,25,6.26,NZ,1701228400
177,port mathurin,-19.6833,63.4167,25.05000000000001,71,10,3.98,MU,1701228589
178,anadyr,64.75,177.4833,-6.71999999999997,93,40,0.0,RU,1701228589
179,springbok,-29.6643,17.8865,9.410000000000025,58,0,2.75,ZA,1701228589
180,gisborne,-38.6533,178.0042,14.150000000000034,84,79,5.83,NZ,1701228589
181,nova sintra,14.8667,-24.7167,21.629999999999995,73,10,5.88,CV,1701228590
182,hovd,48.0056,91.6419,-9.859999999999957,96,84,0.59,MN,1701228590
183,manaure,11.7751,-72.4445,27.590000000000032,81,4,8.43,CO,1701228590
184,santona,43.4439,-3.4576,13.450000000000045,90,100,3.28,ES,1701228591
185,asau,46.4333,26.4,-0.48999999999995225,78,100,4.97,RO,1701228591
186,araguaina,-7.1911,-48.2072,28.55000000000001,40,80,1.24,BR,1701228529
187,sao vicente,-23.9631,-46.3919,25.150000000000034,26,100,2.18,BR,1701228552
188,sarakhs,36.5449,61.1577,12.470000000000027,74,100,7.31,IR,1701228594
189,shubarshi,48.5872,57.1869,-1.339999999999975,74,100,6.75,KZ,1701228595
190,selfoss,63.9331,-20.9971,0.6000000000000227,84,100,2.28,IS,1701228595
191,yanliang,34.6592,109.2292,8.550000000000011,24,100,4.16,CN,1701228595
192,inhambane,-23.865,35.3833,24.99000000000001,88,40,4.63,MZ,1701228595
193,souillac,-20.5167,57.5167,24.210000000000036,94,20,1.54,MU,1701228596
194,gurupi,-11.7292,-49.0686,25.410000000000025,36,6,1.85,BR,1701228348
195,san antonio de pale,-1.4014,5.6325,26.58000000000004,81,77,2.84,GQ,1701228597
196,turpan,42.9333,89.1667,8.100000000000023,32,100,0.78,CN,1701228597
197,labrador city,52.9463,-66.9114,-9.049999999999955,79,100,5.14,CA,1701228523
198,yaren,-0.5472,166.916,28.930000000000007,73,100,4.0,NR,1701228597
199,malvan,16.0667,73.4667,26.220000000000027,74,100,2.77,IN,1701228597
200,vila franca do campo,37.7167,-25.4333,17.160000000000025,99,100,2.86,PT,1701228120
201,waiuku,-37.25,174.75,19.03000000000003,74,34,4.47,NZ,1701228599
202,quepos,9.4236,-84.1652,25.430000000000007,81,96,1.7,CR,1701228599
203,flin flon,54.7682,-101.865,-0.9399999999999977,87,91,5.47,CA,1701228600
204,ust'-barguzin,53.45,108.9833,-9.729999999999961,84,100,1.62,RU,1701228600
205,klyuchi,52.2667,79.1667,1.1100000000000136,62,100,4.16,RU,1701228606
206,port alfred,-33.5906,26.891,15.100000000000023,86,83,1.79,ZA,1701228610
207,laojunmiao,39.8333,97.7333,-3.069999999999993,50,74,3.76,CN,1701228016
208,vanino,49.0869,140.2543,-11.70999999999998,58,100,5.1,RU,1701228611
209,bikenibeu village,1.3673,173.1241,30.980000000000018,74,40,3.09,KI,1701228621
210,loango,-4.6719,11.8312,23.810000000000002,94,20,1.03,CG,1701228621
211,new norfolk,-42.7826,147.0587,18.170000000000016,51,91,4.12,AU,1701228622
212,babu,24.4167,111.5167,19.900000000000034,60,100,0.09,CN,1701228504
213,chauk,20.8833,94.8167,25.760000000000048,61,100,4.19,MM,1701228622
214,azadshahr,34.7909,48.5707,-1.7299999999999613,93,0,2.06,IR,1701228622
215,hiratacho,35.4333,132.8167,13.010000000000048,54,75,9.26,JP,1701228623
216,pedernales,18.0384,-71.744,25.850000000000023,70,6,1.53,DO,1701228623
217,thinadhoo,0.5333,72.9333,28.150000000000034,75,84,3.78,MV,1701228623
218,luderitz,-26.6481,15.1594,17.410000000000025,71,5,8.0,NA,1701228623
219,college,64.8569,-147.8028,-4.009999999999991,82,75,4.63,US,1701228644
220,nuuk,64.1835,-51.7216,0.34000000000003183,47,100,2.57,GL,1701228480
221,sao gabriel da cachoeira,-0.1303,-67.0892,22.670000000000016,98,98,0.36,BR,1701228644
222,berezovyy,51.6667,135.7,-13.799999999999955,60,76,1.26,RU,1701228644
223,crane,31.3974,-102.3501,9.310000000000002,54,97,4.91,US,1701228645
224,taber,49.8167,-112.1518,3.0100000000000477,51,0,3.6,CA,1701228615
225,buurhakaba,2.8026,44.0781,24.430000000000007,74,18,5.48,SO,1701228655
226,sumbe,-11.2061,13.8437,24.200000000000045,89,99,2.39,AO,1701228655
227,gherla,47.0333,23.9167,2.6100000000000136,97,100,6.88,RO,1701228655
228,alpena,45.0617,-83.4327,-3.859999999999957,72,40,5.14,US,1701228655
229,panaba,21.2833,-88.2667,24.140000000000043,65,100,4.66,MX,1701228655
230,san jose de jachal,-30.2406,-68.7469,20.680000000000007,75,29,7.13,AR,1701228656
231,nogliki,51.8333,143.1667,-10.019999999999982,82,100,8.14,RU,1701228656
232,prince rupert,54.3161,-130.3201,6.830000000000041,93,0,2.57,CA,1701228656
233,carahue,-38.7,-73.1667,5.8799999999999955,96,1,0.73,CL,1701228666
234,arraial do cabo,-22.9661,-42.0278,23.27000000000004,97,100,6.0,BR,1701228258
235,monrovia,6.3005,-10.7969,23.870000000000005,90,100,2.14,LR,1701228676
236,palikir - national government center,6.9248,158.1611,24.470000000000027,94,100,2.06,FM,1701228678
237,fortuna,40.5982,-124.1573,11.07000000000005,84,100,0.45,US,1701228678
238,thunder bay,48.4001,-89.3168,-4.009999999999991,86,100,3.09,CA,1701228595
239,ust-nera,64.5667,143.2,-20.47999999999999,99,100,1.05,RU,1701228678
240,paracuru,-3.41,-39.0306,27.28000000000003,81,80,4.43,BR,1701228679
241,qaqortoq,60.7167,-46.0333,-5.069999999999993,61,100,4.4,GL,1701228689
242,kavalerovo,44.2661,135.0572,-10.25,57,100,5.81,RU,1701228689
243,muniz freire,-20.4642,-41.4131,20.720000000000027,94,100,1.61,BR,1701228683
244,mers el kebir,35.7279,-0.7081,17.480000000000018,82,40,5.14,DZ,1701228690
245,brookings,44.3114,-96.7984,1.7300000000000182,73,0,3.6,US,1701228690
246,tara,56.8944,74.371,-5.939999999999998,82,94,3.14,RU,1701228700
247,quelimane,-17.8786,36.8883,25.410000000000025,79,66,3.68,MZ,1701228700
248,taoudenni,22.6783,-3.9836,18.120000000000005,19,100,2.67,ML,1701228701
249,vila velha,-20.3297,-40.2925,25.53000000000003,87,0,4.02,BR,1701228699
250,pocito,-31.6833,-68.5833,21.640000000000043,72,46,7.69,AR,1701228711
251,wauseon,41.5492,-84.1416,-6.17999999999995,81,94,4.69,US,1701228711
252,anar darah,32.7587,61.654,16.05000000000001,29,5,1.4,AF,1701228711
253,colonia,50.9333,6.95,2.140000000000043,80,75,5.66,DE,1701228478
254,rio hato,8.3833,-80.1667,21.930000000000007,89,100,5.64,PA,1701228711
255,amursk,50.2261,136.8994,-13.899999999999977,82,100,4.19,RU,1701228711
256,kayangel,8.0823,134.7173,28.910000000000025,78,100,7.77,PW,1701228712
257,tsiombe,-25.3,45.4833,24.28000000000003,84,12,3.1,MG,1701228278
258,acajutla,13.5928,-89.8275,26.430000000000007,71,54,2.66,SV,1701228712
259,mili,6.0815,171.735,28.120000000000005,76,100,7.28,MH,1701228712
260,ta`u,-14.2336,-169.5144,27.55000000000001,80,100,7.75,AS,1701228717
261,north bend,43.4065,-124.2243,6.6200000000000045,87,0,3.6,US,1701228720
262,talara,-4.5772,-81.2719,20.870000000000005,84,50,7.81,PE,1701228720
263,hasaki,35.7333,140.8333,17.939999999999998,40,0,6.34,JP,1701228720
264,ivdel',60.6911,60.4206,-6.009999999999991,97,100,1.79,RU,1701228720
265,rensselaer,42.7168,-73.4829,-3.569999999999993,76,90,4.5,US,1701228721
266,selkirk,50.1436,-96.8845,-0.5199999999999818,81,85,1.34,CA,1701228721
267,delta del tigre,-34.7633,-56.3853,22.230000000000018,83,0,7.2,UY,1701228728
268,antofagasta,-23.65,-70.4,17.600000000000023,80,39,3.11,CL,1701228730
269,envira,-7.3,-70.2167,22.939999999999998,96,82,0.38,BR,1701228730
270,hamilton,39.1834,-84.5333,-5.67999999999995,76,0,2.06,US,1701228511
271,djambala,-2.5447,14.7533,18.650000000000034,97,97,0.86,CG,1701228741
272,amungan,15.3652,119.9582,31.08000000000004,59,37,0.76,PH,1701228751
273,sao desiderio,-12.3633,-44.9733,22.680000000000007,38,14,1.67,BR,1701228737
274,kot mumin,32.1895,73.028,21.460000000000036,25,51,1.12,PK,1701228771
275,gadzhiyevo,69.2551,33.3362,-2.42999999999995,85,97,7.38,RU,1701228782
276,baidoa,3.1138,43.6498,22.850000000000023,75,20,4.83,SO,1701228782
277,beidao,34.5686,105.8933,7.600000000000023,33,100,2.84,CN,1701228792
278,dudinka,69.4058,86.1778,-27.299999999999983,100,30,0.9,RU,1701228792
279,govindgarh,27.5,76.9833,19.510000000000048,59,100,1.47,IN,1701228792
280,vilyuchinsk,52.9306,158.4028,-8.849999999999966,70,100,0.68,RU,1701228793
281,petropavlovsk-kamchatsky,53.0452,158.6483,-9.669999999999959,62,75,3.0,RU,1701228297
282,sena madureira,-9.0656,-68.6569,23.33000000000004,94,98,1.31,BR,1701228793
283,n'zeto,-7.2312,12.8666,24.710000000000036,87,100,1.55,AO,1701228793
284,novaya igirma,57.1334,103.9112,-17.379999999999967,86,38,1.49,RU,1701228793
285,tidjikja,18.5564,-11.4271,19.360000000000014,18,76,4.04,MR,1701228804
286,antsiranana,-12.2787,49.2917,27.340000000000032,70,22,4.55,MG,1701228804
287,shantobe,52.4581,68.1839,-1.5399999999999636,87,100,2.97,KZ,1701228804
288,island harbour,50.724,-1.2758,5.640000000000043,89,60,2.45,GB,1701228804
289,nassjo,57.6531,14.6968,-10.489999999999952,89,98,1.41,SE,1701228814
290,as sulayyil,20.4607,45.5779,20.140000000000043,42,1,3.43,SA,1701228814
291,lata,40.1629,-8.3327,16.560000000000002,97,69,2.53,PT,1701228239
292,nossa senhora da gloria,-10.2183,-37.4203,20.58000000000004,90,0,2.64,BR,1701228815
293,cruzeiro do sul,-29.5128,-51.9853,21.390000000000043,91,100,1.03,BR,1701228815
294,kerikeri,-35.2268,173.9474,22.730000000000018,60,26,2.24,NZ,1701228815
295,altai,46.3722,96.2583,-12.609999999999957,68,1,1.35,MN,1701228815
296,saint-joseph,-21.3667,55.6167,26.930000000000007,69,5,1.79,RE,1701228816
297,villa gesell,-37.2639,-56.973,20.720000000000027,86,88,8.12,AR,1701228816
298,san patricio,28.017,-97.5169,14.910000000000025,68,41,2.48,US,1701228302
299,najaf,31.9985,44.3398,13.870000000000005,32,100,3.98,IQ,1701228816
300,puerto santa,-8.9906,-78.6456,19.210000000000036,85,91,4.12,PE,1701228816
301,kamaishi,39.2667,141.8833,4.2000000000000455,68,70,3.11,JP,1701228826
302,axim,4.8699,-2.2405,25.74000000000001,86,51,1.41,GH,1701228766
303,jayapura,-2.5333,140.7,33.660000000000025,71,64,2.8,ID,1701228827
304,san pedro pochutla,15.7333,-96.4667,24.30000000000001,82,14,1.47,MX,1701228827
305,phan rang-thap cham,11.5667,108.9833,30.04000000000002,64,56,5.96,VN,1701228827
306,puerto deseado,-47.7503,-65.8938,14.760000000000048,40,95,15.95,AR,1701228209
307,rabo de peixe,37.8,-25.5833,16.660000000000025,99,20,1.03,PT,1701228827
308,balqash,46.8481,74.995,-0.6699999999999591,86,0,6.0,KZ,1701228827
309,qinzhou,21.95,108.6167,23.08000000000004,69,96,1.97,CN,1701228827
310,keflavik,64.0049,-22.5624,2.240000000000009,93,75,3.09,IS,1701228828
311,touros,-5.1989,-35.4608,24.860000000000014,83,89,4.24,BR,1701228841
312,pimentel,-6.8367,-79.9342,21.160000000000025,83,0,7.72,PE,1701228836
313,port saint john's,-31.6229,29.5448,20.120000000000005,66,93,8.73,ZA,1701228842
314,san jose del cabo,23.0589,-109.6977,25.410000000000025,85,3,0.45,MX,1701228842
315,xinmin,41.9908,122.8253,-7.229999999999961,47,14,7.63,CN,1701228842
316,aflou,34.1128,2.1023,8.480000000000018,57,99,3.28,DZ,1701228852
317,robore,-18.3333,-59.75,25.700000000000045,60,10,2.0,BO,1701228853
318,kristiansund,63.1115,7.732,-2.6399999999999864,63,100,5.66,NO,1701228853
319,port said,31.2565,32.2841,17.99000000000001,63,40,4.63,EG,1701228853
320,umluj,25.0213,37.2685,23.390000000000043,39,10,2.99,SA,1701228853
321,koton-karfe,8.1,6.8,25.110000000000014,72,100,1.24,NG,1701228853
322,castlegar,49.2998,-117.6689,-2.0600000000000023,84,30,0.54,CA,1701228853
323,mo i rana,66.3128,14.1428,-0.7399999999999523,64,100,2.57,NO,1701228853
324,leninskoye,41.7589,69.3864,13.54000000000002,40,100,1.4,KZ,1701228864
325,mount gambier,-37.8333,140.7667,17.58000000000004,72,100,6.91,AU,1701228874
326,kourou,5.1552,-52.6478,26.03000000000003,87,15,2.65,GF,1701228884
327,yellandu,17.6,80.3333,25.660000000000025,70,98,1.99,IN,1701228885
328,howrah,22.5892,88.3103,24.0,73,40,1.54,IN,1701228885
329,kudahuvadhoo,2.6708,72.8944,27.720000000000027,78,98,3.59,MV,1701228885
330,machico,32.7,-16.7667,22.230000000000018,82,20,2.06,PT,1701228885
331,palmer,42.1584,-72.3287,-0.8499999999999659,60,75,5.66,US,1701228885
332,sao felix do xingu,-6.6447,-51.995,24.510000000000048,61,38,0.34,BR,1701228885
333,sinop,41.7711,34.8709,4.220000000000027,69,100,9.03,TR,1701228886
334,sumbawa besar,-8.5,117.4333,28.810000000000002,77,84,2.23,ID,1701228886
335,weilheim,47.8333,11.15,-0.2599999999999909,95,100,2.26,DE,1701228886
336,smidovich,48.6,133.8167,-18.119999999999976,89,100,2.2,RU,1701228886
337,geraldton,-28.7667,114.6,25.230000000000018,57,75,7.2,AU,1701228780
338,sergeyevka,53.88,67.4158,-0.3299999999999841,87,100,3.34,KZ,1701228896
339,al ghayzah,16.2079,52.176,24.560000000000002,69,100,1.88,YE,1701228896
340,greymouth,-42.4667,171.2,14.180000000000007,71,93,4.05,NZ,1701228907
341,plana,49.8682,12.7438,-3.8100000000000023,97,96,2.63,CZ,1701228907
342,chegdomyn,51.1167,133.0167,-16.819999999999993,72,100,1.3,RU,1701228907
343,sovetskaya gavan',48.9723,140.2878,-11.609999999999957,65,100,6.16,RU,1701228774
344,mielec,50.2871,21.4239,-2.8100000000000023,81,100,4.34,PL,1701228907
345,marsh harbour,26.5412,-77.0636,22.0,59,99,4.67,BS,1701228632
346,margate,51.3813,1.3862,4.3700000000000045,81,81,3.13,GB,1701228879
347,dwarka,22.2394,68.9678,24.189999999999998,50,0,7.06,IN,1701228908
348,pisco,-13.7,-76.2167,19.03000000000003,82,0,5.66,PE,1701228908
349,prabumulih,-3.45,104.25,31.420000000000016,60,93,1.8,ID,1701228908
350,bovalino,38.149,16.174,17.970000000000027,72,28,3.43,IT,1701228908
351,mweka,-4.85,21.5667,19.890000000000043,99,100,0.73,CD,1701228919
352,banda aceh,5.5577,95.3222,27.150000000000034,82,100,2.96,ID,1701228919
353,lakatoro,-16.0999,167.4164,28.370000000000005,73,71,4.31,VU,1701228920
354,konarka,19.9,86.1167,23.220000000000027,56,94,3.1,IN,1701228920
355,tucuma,-0.1833,-50.05,24.82000000000005,93,100,2.84,BR,1701228920
356,cobija,-11.0267,-68.7692,22.660000000000025,92,89,0.63,BO,1701228920
357,inarajan village,13.2736,144.7484,31.54000000000002,82,7,9.6,GU,1701228930
358,idrinskoye,54.3708,92.1358,-13.909999999999968,94,38,1.14,RU,1701228941
359,zhezqazghan,47.7833,67.7667,-1.67999999999995,93,20,5.0,KZ,1701228941
360,krasnoarmeysk,51.0239,45.6969,-4.539999999999964,84,11,1.65,RU,1701228941
361,cidreira,-30.1811,-50.2056,19.53000000000003,92,100,10.88,BR,1701228941
362,och'amch'ire,42.7123,41.4686,6.5,56,100,3.31,GE,1701228941
363,dibrugarh,27.4833,94.9,21.03000000000003,64,20,2.06,IN,1701228942
364,argayash,55.4888,60.8767,-2.079999999999984,97,100,1.83,RU,1701228942
365,bathurst,-33.4166,149.5806,21.010000000000048,82,82,6.34,AU,1701228942
366,balakovo,52.0278,47.8007,-4.449999999999989,91,18,1.01,RU,1701228942
367,kamiiso,41.8167,140.65,-0.7899999999999636,86,75,6.69,JP,1701228949
368,toliara,-23.35,43.6667,25.710000000000036,74,7,5.01,MG,1701228962
369,tijuana,32.5333,-117.0167,16.260000000000048,66,0,0.0,MX,1701228199
370,antonio enes,-16.2325,39.9086,26.610000000000014,81,9,4.37,MZ,1701228963
371,male,4.1748,73.5089,29.970000000000027,79,20,3.09,MV,1701228963
372,prince george,53.9166,-122.753,-0.3100000000000023,74,100,7.72,CA,1701228681
373,maragogi,-9.0122,-35.2225,24.230000000000018,73,6,2.38,BR,1701228963
374,kismayo,-0.3582,42.5454,27.590000000000032,78,85,4.08,SO,1701228968
375,peruibe,-24.32,-46.9983,22.99000000000001,97,100,1.8,BR,1701228972
376,ad darbasiyah,37.0728,40.652,2.2200000000000273,64,0,1.03,SY,1701228972
377,anapa,44.8908,37.3239,11.189999999999998,61,0,11.0,RU,1701228972
378,luorong,24.4058,109.6086,23.710000000000036,48,40,1.4,CN,1701228972
379,hohhot,40.8106,111.6522,-7.839999999999975,41,0,4.0,CN,1701228973
380,ko pha ngan,9.7578,100.0291,25.379999999999995,80,100,7.54,TH,1701228983
381,runaway bay,18.4596,-77.3357,26.910000000000025,81,14,4.47,JM,1701228983
382,laguna de perlas,12.3429,-83.6712,25.680000000000007,89,93,4.77,NI,1701228983
383,holbrook,40.8123,-73.0784,0.910000000000025,55,20,5.66,US,1701228994
384,fiambala,-27.6871,-67.6149,26.140000000000043,45,8,0.85,AR,1701228994
385,polyarnyy,69.1989,33.4478,-3.5499999999999545,88,90,6.59,RU,1701228994
386,lompoc,34.6391,-120.4579,13.080000000000041,71,0,2.06,US,1701228998
387,eastham,41.8301,-69.9739,1.6400000000000432,55,0,6.69,US,1701228779
388,taltal,-25.4,-70.4833,17.57000000000005,77,0,0.87,CL,1701229001
389,nagqu,31.5,92.0,-1.829999999999984,41,100,3.76,CN,1701229001
390,conde,-7.2597,-34.9075,23.700000000000045,88,40,1.54,BR,1701229001
391,igarka,67.4667,86.5833,-25.389999999999986,98,15,2.18,RU,1701229001
392,shalkar,47.8288,59.6258,-0.3100000000000023,75,97,7.79,KZ,1701229001
393,kingston,17.997,-76.7936,27.53000000000003,83,20,2.57,JM,1701229005
394,kapit,2.0167,112.9333,32.01000000000005,57,87,1.01,MY,1701229007
395,simrishamn,55.5565,14.3504,-9.919999999999959,70,100,1.17,SE,1701229007
396,nola,40.922,14.5329,14.400000000000034,89,39,0.81,IT,1701229014
397,praia da vitoria,38.7333,-27.0667,18.75,100,100,2.58,PT,1701229016
398,luganville,-15.5333,167.1667,27.939999999999998,77,95,4.83,VU,1701228793
399,puerto armuelles,8.2833,-82.8667,27.870000000000005,86,100,2.24,PA,1701228885
400,lavrio,37.7145,24.0565,19.970000000000027,76,67,11.69,GR,1701229020
401,smara,26.7384,-11.6719,13.5,89,0,2.14,EH,1701229033
402,bandar-e anzali,37.4727,49.4622,11.060000000000002,86,99,2.26,IR,1701229033
403,sitka,57.0531,-135.33,2.9399999999999977,87,0,1.54,US,1701229046
404,kavieng,-2.5744,150.7967,29.110000000000014,71,97,3.99,PG,1701229050
405,bardai,11.65,7.2333,20.939999999999998,30,16,3.86,NG,1701229050
406,tual,-5.6667,132.75,28.760000000000048,69,96,0.25,ID,1701229060
407,andergrove,-21.0833,149.1833,35.910000000000025,75,2,7.75,AU,1701229060
408,zouerate,22.7187,-12.4521,16.860000000000014,15,1,2.56,MR,1701229061
409,jiangkou,25.4872,119.1986,21.25,58,93,1.78,CN,1701229061
410,st ives,50.2086,-5.4875,6.180000000000007,71,100,3.14,GB,1701229062
411,new kingman-butler,35.265,-114.0323,11.510000000000048,27,0,2.57,US,1701229072
412,kantang,7.4054,99.5156,26.05000000000001,94,40,1.54,TH,1701229072
413,kruisfontein,-34.0033,24.7314,15.330000000000041,73,30,8.11,ZA,1701229078
414,ubatuba,-23.4339,-45.0711,23.620000000000005,94,100,2.51,BR,1701229081
415,lamarque,-39.423,-65.7021,21.110000000000014,17,1,7.46,AR,1701229082
416,farafangana,-22.8167,47.8333,25.650000000000034,74,4,5.27,MG,1701229082
417,owase,34.0667,136.2,14.900000000000034,47,18,1.58,JP,1701229082
418,carboneras,37.0015,-1.9213,12.28000000000003,71,44,0.69,ES,1701229082
419,egersund,58.4513,5.9997,-6.6200000000000045,53,43,2.81,NO,1701229083
420,cestos city,5.46,-9.5828,25.600000000000023,85,100,0.56,LR,1701229083
421,qinhuangdao,39.9317,119.5883,-1.4099999999999682,21,0,4.12,CN,1701229083
422,fort wellington,6.4,-57.6,26.560000000000002,79,0,5.14,GY,1701229083
423,arteche,12.2645,125.4048,27.920000000000016,88,100,4.55,PH,1701229084
424,sao tome,0.3365,6.7273,26.100000000000023,81,32,0.73,ST,1701229084
425,rawson,-43.3002,-65.1023,17.970000000000027,28,6,3.68,AR,1701229094
426,kamien pomorski,53.9685,14.7726,-2.909999999999968,83,100,4.05,PL,1701229094
427,baker city,44.7749,-117.8344,-1.009999999999991,78,0,0.0,US,1701229011
428,sakaraha,-22.9,44.5333,26.32000000000005,42,0,4.47,MG,1701229101
429,mocksville,35.894,-80.5614,-0.2899999999999636,54,3,2.74,US,1701228854
430,piti village,13.4626,144.6933,31.49000000000001,73,40,10.29,GU,1701229110
431,mahina,-17.5065,-149.489,28.870000000000005,70,75,2.06,PF,1701229112
432,conchas,-23.0153,-48.0106,21.640000000000043,92,97,1.8,BR,1701229113
433,mirnyy,62.5353,113.9611,-18.75999999999999,77,100,7.15,RU,1701229113
434,mourmelon-le-grand,49.1326,4.3642,-0.17999999999994998,100,61,0.51,FR,1701229120
435,cole harbour,44.6724,-63.4751,0.7100000000000364,91,64,4.12,CA,1701229127
436,torata,-17.0769,-70.8433,15.650000000000034,53,93,0.98,PE,1701229128
437,tateyama,34.9833,139.8667,17.28000000000003,48,20,8.23,JP,1701229129
438,anloga,5.7947,0.8973,27.100000000000023,80,100,4.28,GH,1701229129
439,verneuil-sur-avre,48.7395,0.9273,1.7800000000000296,85,82,3.89,FR,1701229131
440,calvinia,-31.4707,19.776,10.980000000000018,62,0,2.1,ZA,1701229133
441,nanao,37.05,136.9667,10.100000000000023,84,100,7.94,JP,1701229133
442,ceeldheer,3.8488,47.1806,26.77000000000004,75,68,5.74,SO,1701229133
443,cozumel,20.5083,-86.9458,26.08000000000004,83,92,4.92,MX,1701229133
444,beira,-19.8436,34.8389,24.05000000000001,88,40,2.06,MZ,1701229134
445,ust'-ordynskiy,52.805,104.7508,-18.149999999999977,87,87,1.67,RU,1701229137
446,olyokminsk,60.3736,120.4264,-14.259999999999991,82,90,5.51,RU,1701229139
447,dawson creek,55.7666,-120.2362,2.8000000000000114,56,0,7.72,CA,1701229140
448,tofol,5.3248,163.0078,25.879999999999995,94,100,4.12,FM,1701229140
449,horta,38.5333,-28.6333,17.230000000000018,93,100,1.79,PT,1701229140
450,bodo,67.28,14.405,-0.9799999999999613,59,40,4.63,NO,1701228919
451,tangalle,6.024,80.7911,27.090000000000032,85,100,1.32,LK,1701229141
452,arno,60.1167,18.6333,0.4399999999999977,92,100,6.09,SE,1701229141
453,topki,55.2769,85.6163,-11.439999999999998,86,44,1.48,RU,1701229141
454,cafayate,-26.073,-65.9761,23.670000000000016,69,44,3.75,AR,1701229141
455,ashburton,-37.8626,145.0794,17.99000000000001,89,100,4.47,AU,1701229141
456,atherton,53.5237,-2.4935,0.3900000000000432,89,7,1.2,GB,1701229142
457,bubaque,11.2833,-15.8333,27.840000000000032,63,1,7.93,GW,1701229142
458,kosh-agach,50.0,88.6667,-16.5,87,64,1.34,RU,1701229148
459,eket,4.6412,7.9209,25.350000000000023,88,85,2.26,NG,1701229151
460,ketchikan,55.3422,-131.6461,2.990000000000009,93,0,1.54,US,1701229151
461,izmail,45.3493,28.8408,5.160000000000025,81,89,9.78,UA,1701229151
462,qui nhon,13.7667,109.2333,26.010000000000048,82,90,6.35,VN,1701229151
463,itatinga,-23.1017,-48.6158,19.07000000000005,98,100,0.84,BR,1701229151
464,luena,-11.7833,19.9167,17.100000000000023,94,0,1.03,AO,1701229152
465,yermakovskoye,53.2831,92.4003,-17.42999999999998,89,28,1.54,RU,1701229152
466,chunskiy,56.0815,99.6342,-17.17999999999998,81,54,0.98,RU,1701229157
467,el obeid,13.1842,30.2167,21.350000000000023,40,73,4.88,SD,1701229159
468,archangelos,36.2149,28.1149,17.390000000000043,73,95,7.89,GR,1701229160
469,tolanaro,-25.0319,46.9987,25.939999999999998,73,3,5.28,MG,1701229160
470,oranjemund,-28.55,16.4333,14.050000000000011,83,1,6.26,NA,1701229161
471,ghat,24.9647,10.1728,15.390000000000043,20,15,0.67,LY,1701229161
472,meulaboh,4.1363,96.1285,27.27000000000004,82,91,0.89,ID,1701229161
473,tamworth,52.634,-1.6959,3.6899999999999977,93,72,1.49,GB,1701229162
474,natal,-5.795,-35.2094,24.120000000000005,88,40,2.06,BR,1701229164
475,babayevo,59.3936,35.9371,-10.060000000000002,98,94,2.04,RU,1701229166
476,fayzabad,37.1166,70.58,13.54000000000002,31,100,1.16,AF,1701229166
477,fabens,31.5023,-106.1586,13.650000000000034,55,100,0.8,US,1701229167
478,phalaborwa,-23.943,31.1411,25.600000000000023,37,92,2.42,ZA,1701229167
479,sidney,-33.8679,151.2073,26.99000000000001,78,40,11.32,AU,1701229030
480,sandnessjoen,66.0217,12.6316,-2.7099999999999795,70,100,5.57,NO,1701229169
481,hammerfest,70.6634,23.6821,0.25,69,100,4.63,NO,1701229171
482,xining,36.6167,101.7667,0.020000000000038654,46,37,1.67,CN,1701229173
483,masterton,-40.9597,175.6575,14.939999999999998,66,100,1.66,NZ,1701229016
484,rhinelander,45.6366,-89.4121,-7.819999999999993,62,100,5.14,US,1701229029
485,intendente alvear,-35.2338,-63.592,18.49000000000001,95,100,2.86,AR,1701229173
486,kansk,56.2017,95.7175,-17.769999999999982,87,28,0.9,RU,1701229174
487,akranes,64.3218,-22.0749,2.3100000000000023,83,92,2.79,IS,1701229174
488,tutoia,-2.7619,-42.2744,25.52000000000004,87,51,4.66,BR,1701229174
489,norilsk,69.3535,88.2027,-23.409999999999968,97,21,2.03,RU,1701228973
490,oban,56.4127,-5.4706,-1.4599999999999795,79,7,2.74,GB,1701229174
491,chui,-33.6971,-53.4616,19.689999999999998,87,77,5.75,UY,1701229174
492,awka,6.2101,7.0741,24.430000000000007,90,100,0.9,NG,1701229175
493,yeniseysk,58.4497,92.1703,-16.69999999999999,78,96,0.45,RU,1701229175
494,lexington,37.9887,-84.4777,-5.509999999999991,71,0,1.54,US,1701229023
495,gaigeturi,33.4644,126.3183,13.03000000000003,54,75,2.57,KR,1701229178
496,badiyah,22.45,58.8,21.060000000000002,75,0,0.32,OM,1701229178
497,marathon,44.9,-89.7668,-7.409999999999968,67,100,5.14,US,1701229178
498,saudarkrokur,65.7461,-19.6394,-0.1099999999999568,90,97,2.1,IS,1701229178
499,cameron,26.117,-97.5169,16.730000000000018,77,100,4.12,US,1701229178
500,morez,46.5254,6.0259,-2.17999999999995,94,28,0.5,FR,1701229179
501,peace river,56.2501,-117.286,3.170000000000016,69,75,2.57,CA,1701229179
502,pontotoc,34.2479,-88.9987,1.7800000000000296,55,0,1.29,US,1701228915
503,prado,-17.3411,-39.2208,24.129999999999995,89,7,4.2,BR,1701229179
504,trapani,37.8333,12.6667,14.050000000000011,82,0,5.14,IT,1701229179
505,puerto santander,8.3636,-72.4063,27.670000000000016,91,6,1.07,CO,1701229179
506,egilsstadir,65.2653,-14.3948,1.9500000000000455,87,100,3.09,IS,1701229180
507,santo stefano di magra,44.1513,9.9241,8.650000000000034,33,0,2.55,IT,1701229180
508,honggang,46.4667,124.8667,-12.889999999999986,71,49,4.66,CN,1701229180
509,udi,6.3144,7.4258,24.260000000000048,91,100,1.22,NG,1701229180
510,moose jaw,50.4001,-105.5344,1.1400000000000432,69,2,6.17,CA,1701229180
511,kununurra,-15.7667,128.7333,36.99000000000001,36,40,3.6,AU,1701229180
512,dolores,-36.3132,-57.6792,22.210000000000036,80,50,6.34,AR,1701229181
513,san andres,12.5847,-81.7006,29.010000000000048,74,20,6.17,CO,1701229181
514,calca,-13.3333,-71.95,15.640000000000043,83,100,1.61,PE,1701229183
515,chibougamau,49.9168,-74.3659,-10.20999999999998,85,100,4.12,CA,1701229184
516,kuala tungkal,-0.8167,103.4667,29.890000000000043,71,81,1.08,ID,1701229187
517,carnarvon,-24.8667,113.6333,24.439999999999998,53,22,7.15,AU,1701229189
518,vallenar,-28.5708,-70.7581,19.010000000000048,56,0,0.87,CL,1701229190
519,muisne,0.6,-80.0333,24.660000000000025,81,100,6.21,EC,1701229190
520,aegina,37.7467,23.4275,19.920000000000016,64,40,9.86,GR,1701229190
521,buka,40.8108,69.1986,13.610000000000014,35,100,1.86,UZ,1701229192
522,troitsko-pechorsk,62.7084,56.1964,-10.729999999999961,91,100,2.24,RU,1701229193
523,la passe,45.5549,-0.8967,1.1299999999999955,86,8,2.7,FR,1701229194
524,williams lake,52.1415,-122.1445,-2.2399999999999523,93,75,1.03,CA,1701229195
525,martapura,-3.4167,114.85,30.05000000000001,74,40,1.54,ID,1701229195
526,landivisiau,48.5078,-4.0683,5.03000000000003,93,0,0.51,FR,1701229195
527,trairi,-3.2778,-39.2689,26.340000000000032,78,89,4.17,BR,1701228904
528,muravlenko,63.7898,74.523,-3.079999999999984,97,100,3.87,RU,1701229196
529,janeng,-25.4167,25.55,20.80000000000001,52,88,1.66,BW,1701229196
530,ouro sogui,15.6,-13.3167,22.010000000000048,46,0,0.0,SN,1701229196
531,north bay,46.3168,-79.4663,-6.139999999999986,78,20,1.54,CA,1701229196
532,arenapolis,-14.4503,-56.8461,25.470000000000027,64,23,1.92,BR,1701229196
533,nizhneangarsk,55.7833,109.55,-14.439999999999998,68,3,3.13,RU,1701229196
534,sur,22.5667,59.5289,24.5,65,1,3.98,OM,1701229198
535,azul,-36.777,-59.8585,19.160000000000025,96,99,2.07,AR,1701229198
536,sai buri,6.7013,101.6168,27.200000000000045,87,100,5.75,TH,1701229198
537,yuzhno-kurilsk,44.0306,145.8556,3.5400000000000205,74,100,14.35,RU,1701229197
538,puerto san jose,13.9256,-90.8244,26.08000000000004,84,97,2.07,GT,1701229199
539,kuala belait,4.5833,114.1833,32.09000000000003,70,14,1.44,BN,1701229200
540,hegang,47.4,130.3667,-14.279999999999973,60,91,4.76,CN,1701229206
541,kirensk,57.7853,108.1119,-16.639999999999986,89,98,1.9,RU,1701229215
542,dadukou,26.5479,101.7054,19.80000000000001,54,95,0.49,CN,1701229219
543,viqueque,-8.8673,126.3658,33.870000000000005,49,96,3.41,TL,1701229219
544,yemetsk,63.4721,41.7941,-7.329999999999984,97,99,1.58,RU,1701229220
545,vilyuysk,63.7553,121.6247,-14.339999999999975,90,99,4.51,RU,1701229220
546,nampula,-15.1165,39.2666,22.970000000000027,94,20,3.6,MZ,1701229220
547,balikpapan,-1.2675,116.8289,29.55000000000001,79,20,4.63,ID,1701229220
548,san luis de la loma,17.2706,-100.8939,26.060000000000002,80,68,1.45,MX,1701229220
549,filiatra,37.15,21.5833,17.610000000000014,84,90,6.94,GR,1701229221
550,nema,57.5067,50.5011,-12.589999999999975,98,100,1.63,RU,1701229223
551,sinabang,2.4803,96.3801,27.79000000000002,78,100,2.65,ID,1701229223
552,pemangkat,1.1667,108.9667,30.30000000000001,65,71,1.94,ID,1701229226
553,ocean city,39.2776,-74.5746,0.010000000000047748,59,0,4.02,US,1701229065
554,sorong,-0.8833,131.25,28.370000000000005,76,100,2.55,ID,1701229227
555,sidi bel abbes,35.1899,-0.6309,14.620000000000005,88,54,2.64,DZ,1701229228
556,taro,-8.3862,115.28,26.03000000000003,77,79,1.39,ID,1701229228
557,saint-philippe,-21.3585,55.7679,25.77000000000004,70,5,3.59,RE,1701229228
558,nhamunda,-2.1861,-56.7131,25.24000000000001,75,52,1.32,BR,1701229228
559,kedougou,12.5579,-12.1743,23.83000000000004,28,55,1.03,SN,1701229229
560,farcasele,44.15,24.4333,4.680000000000007,76,73,8.74,RO,1701229229
561,dunedin,-45.8742,170.5036,12.879999999999995,59,10,5.07,NZ,1701229229
562,kudymkar,59.0173,54.656,-1.2299999999999613,99,100,0.95,RU,1701229231
563,khorixas,-20.3667,14.9667,23.480000000000018,53,31,1.57,NA,1701229231
564,nizhnesortymskiy,62.4397,71.7603,-3.259999999999991,89,100,3.52,RU,1701229231
565,argo,37.6333,22.7333,15.990000000000009,79,36,2.74,GR,1701229233
566,eyl,7.9803,49.8164,25.53000000000003,66,86,9.31,SO,1701229235
567,nova xavantina,-14.6667,-52.35,25.350000000000023,57,84,0.48,BR,1701229246
568,istgah-e rah ahan-e garmsar,35.2346,52.3094,11.520000000000039,57,6,3.27,IR,1701229256
569,salmon arm,50.6998,-119.3024,2.6200000000000045,60,100,1.03,CA,1701229256
570,olhao,37.0286,-7.8411,18.379999999999995,91,75,5.66,PT,1701229256
